distance_km;altitude_m;altitude_moyenne_5;d_plus;d_moins
0;9;14,66666667;0;0
0,1;13;18,75;4;0
0,2;22;20,8;9;0
0,3;31;26;9;0
0,4;29;30,6;0;2
0,5;35;30,2;6;0
0,6;36;26,2;1;0
0,7;20;22,2;0;16
0,8;11;18,6;0;9
0,9;9;16,2;0;2
1;17;17,2;8;0
1,1;24;20,2;7;0
1,2;25;24;1;0
1,3;26;26,2;1;0
1,4;28;27,6;2;0
1,5;28;28;0;0
1,6;31;26,8;3;0
1,7;27;23,8;0;4
1,8;20;22,2;0;7
1,9;13;19,2;0;7
2;20;16;7;0
2,1;16;13,4;0;4
2,2;11;12,4;0;5
2,3;7;12;0;4
2,4;8;14;1;0
2,5;18;16,2;10;0
2,6;26;18;8;0
2,7;22;19,6;0;4
2,8;16;19;0;6
2,9;16;16;0;0
3;15;14,2;0;1
3,1;11;14;0;4
3,2;13;13,4;2;0
3,3;15;14;2;0
3,4;13;14;0;2
3,5;18;14,6;5;0
3,6;11;15,4;0;7
3,7;16;15,4;5;0
3,8;19;16,2;3;0
3,9;13;20;0;6
4;22;22,8;9;0
4,1;30;24,2;8;0
4,2;30;26,4;0;0
4,3;26;27,6;0;4
4,4;24;26,6;0;2
4,5;28;25,6;4;0
4,6;25;25;0;3
4,7;25;22,4;0;0
4,8;23;20,8;0;2
4,9;11;19,4;0;12
5;20;18;9;0
5,1;18;16,6;0;2
5,2;18;15,8;0;0
5,3;16;13;0;2
5,4;7;11;0;9
5,5;6;11,8;0;1
5,6;8;14,6;2;0
5,7;22;19,6;14;0
5,8;30;23;8;0
5,9;32;28,2;2;0
6;23;30,6;0;9
6,1;34;31;11;0
6,2;34;28,6;0;0
6,3;32;27;0;2
6,4;20;22,8;0;12
6,5;15;19,8;0;5
6,6;13;15,8;0;2
6,7;19;14,2;6;0
6,8;12;12,2;0;7
6,9;12;11,2;0;0
7;5;10,2;0;7
7,1;8;11,8;3;0
7,2;14;13,4;6;0
7,3;20;16,2;6;0
7,4;20;14,6;0;0
7,5;19;14,4;0;1
7,6;0;12,8;0;19
7,7;13;11,4;13;0
7,8;12;13,2;0;1
7,9;13;19,4;1;0
8;28;23,6;15;0
8,1;31;27,2;3;0
8,2;34;27,2;3;0
8,3;30;21,6;0;4
8,4;13;17,8;0;17
8,5;0;14,4;0;13
8,6;12;11,8;12;0
8,7;17;11,8;5;0
8,8;17;15,6;0;0
8,9;13;16,2;0;4
9;19;15;6;0
9,1;15;15;0;4
9,2;11;15,4;0;4
9,3;17;16,8;6;0
9,4;15;19,2;0;2
9,5;26;22,8;11;0
9,6;27;21,8;1;0
9,7;29;22;2;0
9,8;12;21,2;0;17
9,9;16;19;4;0
10;22;15;6;0
10,1;16;15,4;0;6
10,2;9;15,2;0;7
10,3;14;16,4;5;0
10,4;15;18,8;1;0
10,5;28;21,2;13;0
10,6;28;23,4;0;0
10,7;21;24,4;0;7
10,8;25;23,8;4;0
10,9;20;24,2;0;5
11;25;25,4;5;0
11,1;30;26,6;5;0
11,2;27;26,8;0;3
11,3;31;24,6;4;0
11,4;21;20,8;0;10
11,5;14;20,2;0;7
11,6;11;17;0;3
11,7;24;17,6;13;0
11,8;15;20,2;0;9
11,9;24;22,6;9;0
12;27;25,2;3;0
12,1;23;28,6;0;4
12,2;37;29;14;0
12,3;32;27,4;0;5
12,4;26;25,8;0;6
12,5;19;22;0;7
12,6;15;17,8;0;4
12,7;18;14,6;3;0
12,8;11;12,4;0;7
12,9;10;10,6;0;1
13;8;9,4;0;2
13,1;6;9,6;0;2
13,2;12;10,6;6;0
13,3;12;12,8;0;0
13,4;15;16,6;3;0
13,5;19;20,6;4;0
13,6;25;25,4;6;0
13,7;32;28;7;0
13,8;36;26,8;4;0
13,9;28;24,8;0;8
14;13;22,4;0;15
14,1;15;20,4;2;0
14,2;20;18,2;5;0
14,3;26;20,4;6;0
14,4;17;23,2;0;9
14,5;24;24;7;0
14,6;29;22,8;5;0
14,7;24;25,4;0;5
14,8;20;26,4;0;4
14,9;30;26;10;0
15;29;25;0;1
15,1;27;23,8;0;2
15,2;19;21,6;0;8
15,3;14;18;0;5
15,4;19;14,8;5;0
15,5;11;13,2;0;8
15,6;11;15;0;0
15,7;11;18;0;0
15,8;23;22,6;12;0
15,9;34;27,2;11;0
16;34;27,8;0;0
16,1;34;27;0;0
16,2;14;23;0;20
16,3;19;19,4;5;0
16,4;14;16,6;0;5
16,5;16;19,8;2;0
16,6;20;21;4;0
16,7;30;23,2;10;0
16,8;25;27;0;5
16,9;25;28,2;0;0
17;35;27,6;10;0
17,1;26;28,4;0;9
17,2;27;28,2;1;0
17,3;29;27,4;2;0
17,4;24;29,4;0;5
17,5;31;29,8;7;0
17,6;36;28,4;5;0
17,7;29;32,2;0;7
17,8;22;34,4;0;7
17,9;43;35;21;0
18;42;36,2;0;1
18,1;39;39,6;0;3
18,2;35;38;0;4
18,3;39;37,2;4;0
18,4;35;38,4;0;4
18,5;38;38,4;3;0
18,6;45;38;7;0
18,7;35;38,2;0;10
18,8;37;35,8;2;0
18,9;36;32;0;1
19;26;26,8;0;10
19,1;26;21,6;0;0
19,2;9;19,4;0;17
19,3;11;19;2;0
19,4;25;21,8;14;0
19,5;24;30,2;0;1
19,6;40;36,6;16;0
19,7;51;39,8;11;0
19,8;43;41,6;0;8
19,9;41;40,2;0;2
20;33;38;0;8
20,1;33;39,4;0;0
20,2;40;41,2;7;0
20,3;50;44;10;0
20,4;50;46,6;0;0
20,5;47;46,8;0;3
20,6;46;42;0;1
20,7;41;35,8;0;5
20,8;26;31,2;0;15
20,9;19;26,2;0;7
21;24;23,6;5;0
21,1;21;23,2;0;3
21,2;28;26,8;7;0
21,3;24;28,4;0;4
21,4;37;29,8;13;0
21,5;32;32,6;0;5
21,6;28;36,6;0;4
21,7;42;37,8;14;0
21,8;44;36,8;2;0
21,9;43;36,6;0;1
22;27;32,2;0;16
22,1;27;27,8;0;0
22,2;20;25;0;7
22,3;22;28,4;2;0
22,4;29;32,2;7;0
22,5;44;35,4;15;0
22,6;46;39,2;2;0
22,7;36;39,8;0;10
22,8;41;40,8;5;0
22,9;32;40,2;0;9
23;49;41;17;0
23,1;43;40,8;0;6
23,2;40;40,6;0;3
23,3;40;37;0;0
23,4;31;34,8;0;9
23,5;31;31;0;0
23,6;32;29;1;0
23,7;21;25,6;0;11
23,8;30;22,2;9;0
23,9;14;18,4;0;16
24;14;16,2;0;0
24,1;13;14;0;1
24,2;10;15,6;0;3
24,3;19;17;9;0
24,4;22;19,8;3;0
24,5;21;26,2;0;1
24,6;27;30;6;0
24,7;42;30,6;15;0
24,8;38;32,8;0;4
24,9;25;35,2;0;13
25;32;36,8;7;0
25,1;39;39,6;7;0
25,2;50;40;11;0
25,3;52;41;2;0
25,4;27;39,6;0;25
25,5;37;34,4;10;0
25,6;32;28;0;5
25,7;24;29,4;0;8
25,8;20;26,4;0;4
25,9;34;22,6;14;0
26;22;23,4;0;12
26,1;13;24,4;0;9
26,2;28;24,2;15;0
26,3;25;27;0;3
26,4;33;30;8;0
26,5;36;30,2;3;0
26,6;28;30;0;8
26,7;29;28,2;1;0
26,8;24;23,8;0;5
26,9;24;20,8;0;0
27;14;16,6;0;10
27,1;13;15,6;0;1
27,2;8;14;0;5
27,3;19;15,2;11;0
27,4;16;16,4;0;3
27,5;20;16,4;4;0
27,6;19;14;0;1
27,7;8;13,2;0;11
27,8;7;12;0;1
27,9;12;9,4;5;0
28;14;11,2;2;0
28,1;6;13,8;0;8
28,2;17;16,8;11;0
28,3;20;19,2;3;0
28,4;27;23,4;7;0
28,5;26;26,2;0;1
28,6;27;26,4;1;0
28,7;31;27,4;4;0
28,8;21;30,8;0;10
28,9;32;30,2;11;0
29;43;25,6;11;0
29,1;24;26,8;0;19
29,2;8;22,6;0;16
29,3;27;18,8;19;0
29,4;11;21,6;0;16
29,5;24;28,2;13;0
29,6;38;31,8;14;0
29,7;41;37,8;3;0
29,8;45;38,8;4;0
29,9;41;36,8;0;4
30;29;33,2;0;12
30,1;28;27,2;0;1
30,2;23;21,6;0;5
30,3;15;22,8;0;8
30,4;13;25,6;0;2
30,5;35;29,6;22;0
30,6;42;35,2;7;0
30,7;43;41,2;1;0
30,8;43;42,6;0;0
30,9;43;41,2;0;0
31;42;40;0;1
31,1;35;38,6;0;7
31,2;37;34,8;2;0
31,3;36;29,4;0;1
31,4;24;27,6;0;12
31,5;15;25,8;0;9
31,6;26;23,8;11;0
31,7;28;22,6;2;0
31,8;26;22,2;0;2
31,9;18;19,4;0;8
32;13;15,6;0;5
32,1;12;12,2;0;1
32,2;9;11,2;0;3
32,3;9;10;0;0
32,4;13;11;4;0
32,5;7;12,8;0;6
32,6;17;12,8;10;0
32,7;18;12;1;0
32,8;9;12,2;0;9
32,9;9;10,6;0;0
33;8;9,2;0;1
33,1;9;9,4;1;0
33,2;11;10;2;0
33,3;10;13;0;1
33,4;12;16;2;0
33,5;23;16;11;0
33,6;24;19,6;1;0
33,7;11;21,8;0;13
33,8;28;20;17;0
33,9;23;19;0;5
34;14;20;0;9
34,1;19;18;5;0
34,2;16;18,6;0;3
34,3;18;19,6;2;0
34,4;26;19,2;8;0
34,5;19;21,6;0;7
34,6;17;23,2;0;2
34,7;28;23,8;11;0
34,8;26;25,6;0;2
34,9;29;27,2;3;0
35;28;26,2;0;1
35,1;25;26,6;0;3
35,2;23;25,8;0;2
35,3;28;23;5;0
35,4;25;20,8;0;3
35,5;14;20;0;11
35,6;14;17,6;0;0
35,7;19;17,2;5;0
35,8;16;20,4;0;3
35,9;23;21;7;0
36;30;20,8;7;0
36,1;17;20,8;0;13
36,2;18;18,6;1;0
36,3;16;14,8;0;2
36,4;12;16;0;4
36,5;11;17,4;0;1
36,6;23;18,2;12;0
36,7;25;17,8;2;0
36,8;20;18;0;5
36,9;10;16;0;10
37;12;14;2;0
37,1;13;13,2;1;0
37,2;15;14,6;2;0
37,3;16;14,2;1;0
37,4;17;14,6;1;0
37,5;10;13,8;0;7
37,6;15;14,4;5;0
37,7;11;14,8;0;4
37,8;19;14,2;8;0
37,9;19;13,2;0;0
38;7;13;0;12
38,1;10;13,8;3;0
38,2;10;12,2;0;0
38,3;23;13;13;0
38,4;11;14,4;0;12
38,5;11;16,6;0;0
38,6;17;14;6;0
38,7;21;15,6;4;0
38,8;10;17,4;0;11
38,9;19;17,6;9;0
39;20;18,4;1;0
39,1;18;21,8;0;2
39,2;25;23,2;7;0
39,3;27;24,8;2;0
39,4;26;25,6;0;1
39,5;28;25,4;2;0
39,6;22;26;0;6
39,7;24;26,4;2;0
39,8;30;24;6;0
39,9;28;22,6;0;2
40;16;22;0;12
40,1;15;21;0;1
40,2;21;20,6;6;0
40,3;25;22,4;4;0
40,4;26;24;1;0
40,5;25;24,6;0;1
40,6;23;23,8;0;2
40,7;24;21,6;1;0
40,8;21;20,2;0;3
40,9;15;21;0;6
41;18;20,2;3;0
41,1;27;20,8;9;0
41,2;20;23;0;7
41,3;24;25;4;0
41,4;26;25;2;0
41,5;28;26,2;2;0
41,6;27;27,4;0;1
41,7;26;28;0;1
41,8;30;27,8;4;0
41,9;29;26,8;0;1
42;27;25,6;0;2
42,1;22;22,2;0;5
42,2;20;21,4;0;2
42,3;13;21,4;0;7
42,4;25;22;12;0
42,5;27;20,6;2;0
42,6;25;19,8;0;2
42,7;13;16,8;0;12
42,8;9;14,4;0;4
42,9;10;13,8;1;0
43;15;16;5;0
43,1;22;19,4;7;0
43,2;24;21,6;2;0
43,3;26;22,2;2;0
43,4;21;19,6;0;5
43,5;18;15,8;0;3
43,6;9;12,2;0;9
43,7;5;12;0;4
43,8;8;14,6;3;0
43,9;20;17,4;12;0
44;31;18,6;11;0
44,1;23;19,4;0;8
44,2;11;17,2;0;12
44,3;12;12,2;1;0
44,4;9;9,2;0;3
44,5;6;8,8;0;3
44,6;8;11,4;2;0
44,7;9;14,4;1;0
44,8;25;18,6;16;0
44,9;24;22,8;0;1
45;27;25,4;3;0
45,1;29;25,4;2;0
45,2;22;26,2;0;7
45,3;25;25,2;3;0
45,4;28;23;3;0
45,5;22;22,2;0;6
45,6;18;19,6;0;4
45,7;18;16,2;0;0
45,8;12;16,2;0;6
45,9;11;15,8;0;1
46;22;15,4;11;0
46,1;16;19;0;6
46,2;16;21,4;0;0
46,3;30;21,8;14;0
46,4;23;24,4;0;7
46,5;24;26,6;1;0
46,6;29;26,6;5;0
46,7;27;27,4;0;2
46,8;30;26;3;0
46,9;27;22,6;0;3
47;17;20,2;0;10
47,1;12;18,6;0;5
47,2;15;18;3;0
47,3;22;19,2;7;0
47,4;24;21,8;2;0
47,5;23;23,2;0;1
47,6;25;22;2;0
47,7;22;19,6;0;3
47,8;16;20,6;0;6
47,9;12;19,4;0;4
48;28;20;16;0
48,1;19;22,4;0;9
48,2;25;25,8;6;0
48,3;28;26,4;3;0
48,4;29;29,4;1;0
48,5;31;32,4;2;0
48,6;34;34,8;3;0
48,7;40;37,2;6;0
48,8;40;38,4;0;0
48,9;41;38;1;0
49;37;35,8;0;4
49,1;32;30,8;0;5
49,2;29;27,8;0;3
49,3;15;26,4;0;14
49,4;26;26;11;0
49,5;30;25,2;4;0
49,6;30;28,6;0;0
49,7;25;31;0;5
49,8;32;31,4;7;0
49,9;38;33,2;6;0
50;32;35,6;0;6
50,1;39;37;7;0
50,2;37;37;0;2
50,3;39;37,4;2;0
50,4;38;36,6;0;1
50,5;34;35,6;0;4
50,6;35;34;1;0
50,7;32;32,6;0;3
50,8;31;32,2;0;1
50,9;31;31,8;0;0
51;32;30,4;1;0
51,1;33;29,6;1;0
51,2;25;28,2;0;8
51,3;27;27,6;2;0
51,4;24;25,4;0;3
51,5;29;25,8;5;0
51,6;22;26,2;0;7
51,7;27;27,8;5;0
51,8;29;26,2;2;0
51,9;32;27,2;3;0
52;21;27,2;0;11
52,1;27;26,8;6;0
52,2;27;24,8;0;0
52,3;27;24,2;0;0
52,4;22;21;0;5
52,5;18;17,8;0;4
52,6;11;14,4;0;7
52,7;11;14,4;0;0
52,8;10;16,4;0;1
52,9;22;18,4;12;0
53;28;20,6;6;0
53,1;21;24;0;7
53,2;22;23,2;1;0
53,3;27;19,4;5;0
53,4;18;16,2;0;9
53,5;9;12,8;0;9
53,6;5;9,6;0;4
53,7;5;9;0;0
53,8;11;10,8;6;0
53,9;15;13;4;0
54;18;14,2;3;0
54,1;16;14,8;0;2
54,2;11;14,4;0;5
54,3;14;13,8;3;0
54,4;13;13,6;0;1
54,5;15;16;2;0
54,6;15;17;0;0
54,7;23;20;8;0
54,8;19;21,4;0;4
54,9;28;23,8;9;0
55;22;23,2;0;6
55,1;27;24,2;5;0
55,2;20;22,2;0;7
55,3;24;21;4;0
55,4;18;19,2;0;6
55,5;16;17,4;0;2
55,6;18;16,2;2;0
55,7;11;14,8;0;7
55,8;18;12,8;7;0
55,9;11;12,4;0;7
56;6;14,8;0;5
56,1;16;14;10;0
56,2;23;12,6;7;0
56,3;14;12;0;9
56,4;4;9,8;0;10
56,5;3;6,8;0;1
56,6;5;6,2;2;0
56,7;8;8,4;3;0
56,8;11;9,8;3;0
56,9;15;9,8;4;0
57;10;10,6;0;5
57,1;5;9,8;0;5
57,2;12;8,2;7;0
57,3;7;7,4;0;5
57,4;7;7,2;0;0
57,5;6;5,6;0;1
57,6;4;6,2;0;2
57,7;4;8,2;0;0
57,8;10;7;6;0
57,9;17;9,4;7;0
58;0;12;0;17
58,1;16;12,6;16;0
58,2;17;11,6;1;0
58,3;13;14,6;0;4
58,4;12;14,6;0;1
58,5;15;14,4;3;0
58,6;16;14,4;1;0
58,7;16;14,6;0;0
58,8;13;15,6;0;3
58,9;13;16,2;0;0
59;20;15,8;7;0
59,1;19;16;0;1
59,2;14;15,8;0;5
59,3;14;14,8;0;0
59,4;12;12;0;2
59,5;15;13;3;0
59,6;5;13;0;10
59,7;19;12,4;14;0
59,8;14;9,4;0;5
59,9;9;10,8;0;5
60;0;11,2;0;9
60,1;12;11,2;12;0
60,2;21;14,4;9;0
60,3;14;18,6;0;7
60,4;25;20,4;11;0
60,5;21;19,6;0;4
60,6;21;21;0;0
60,7;17;17,4;0;4
60,8;21;16,6;4;0
60,9;7;15;0;14
61;17;15,8;10;0
61,1;13;16,6;0;4
61,2;21;20,4;8;0
61,3;25;20,6;4;0
61,4;26;21;1;0
61,5;18;22;0;8
61,6;15;22;0;3
61,7;26;19,2;11;0
61,8;25;18,2;0;1
61,9;12;18,8;0;13
62;13;17;1;0
62,1;18;13,8;5;0
62,2;17;13,8;0;1
62,3;9;12;0;8
62,4;12;10,6;3;0
62,5;4;8,8;0;8
62,6;11;9;7;0
62,7;8;9,4;0;3
62,8;10;10,6;2;0
62,9;14;10,2;4;0
63;10;9,4;0;4
63,1;9;10,6;0;1
63,2;4;9,6;0;5
63,3;16;9,2;12;0
63,4;9;9,4;0;7
63,5;8;11,2;0;1
63,6;10;9,6;2;0
63,7;13;8,6;3;0
63,8;8;8;0;5
63,9;4;8,4;0;4
64;5;7;1;0
64,1;12;8,2;7;0
64,2;6;12,2;0;6
64,3;14;17,2;8;0
64,4;24;20,2;10;0
64,5;30;24;6;0
64,6;27;25,8;0;3
64,7;25;26;0;2
64,8;23;24;0;2
64,9;25;21,2;2;0
65;20;19,2;0;5
65,1;13;17;0;7
65,2;15;16,8;2;0
65,3;12;18;0;3
65,4;24;22,2;12;0
65,5;26;24,6;2;0
65,6;34;28,2;8;0
65,7;27;28,8;0;7
65,8;30;26,2;3;0
65,9;27;21,4;0;3
66;13;20,6;0;14
66,1;10;19,6;0;3
66,2;23;19,6;13;0
66,3;25;20,6;2;0
66,4;27;21,6;2;0
66,5;18;18,6;0;9
66,6;15;16,8;0;3
66,7;8;16;0;7
66,8;16;15,2;8;0
66,9;23;14,2;7;0
67;14;17,8;0;9
67,1;10;21,2;0;4
67,2;26;20,4;16;0
67,3;33;21,8;7;0
67,4;19;26,6;0;14
67,5;21;27;2;0
67,6;34;24,2;13;0
67,7;28;23,4;0;6
67,8;19;22,8;0;9
67,9;15;18,6;0;4
68;18;14,8;3;0
68,1;13;14,6;0;5
68,2;9;18,6;0;4
68,3;18;20,8;9;0
68,4;35;21,8;17;0
68,5;29;22;0;6
68,6;18;21,2;0;11
68,7;10;16,2;0;8
68,8;14;14,8;4;0
68,9;10;17,8;0;4
69;22;22,4;12;0
69,1;33;25,8;11;0
69,2;33;29,4;0;0
69,3;31;28,2;0;2
69,4;28;24,2;0;3
69,5;16;21,8;0;12
69,6;13;20,8;0;3
69,7;21;19,2;8;0
69,8;26;21,6;5;0
69,9;20;24;0;6
70;28;24,2;8;0
70,1;25;23,2;0;3
70,2;22;23,6;0;3
70,3;21;21,8;0;1
70,4;22;20,2;1;0
70,5;19;17,2;0;3
70,6;17;15,4;0;2
70,7;7;13,8;0;10
70,8;12;13;5;0
70,9;14;13,8;2;0
71;15;15,6;1;0
71,1;21;16;6;0
71,2;16;15,8;0;5
71,3;14;17;0;2
71,4;13;16,4;0;1
71,5;21;17,2;8;0
71,6;18;17,6;0;3
71,7;20;17,6;2;0
71,8;16;17,2;0;4
71,9;13;16;0;3
72;19;16;6;0
72,1;12;15,2;0;7
72,2;20;16,2;8;0
72,3;12;15;0;8
72,4;18;16,4;6;0
72,5;13;14,4;0;5
72,6;19;16,6;6;0
72,7;10;18,4;0;9
72,8;23;21,8;13;0
72,9;27;24,6;4;0
73;30;29,2;3;0
73,1;33;30,6;3;0
73,2;33;29,4;0;0
73,3;30;25,2;0;3
73,4;21;22,8;0;9
73,5;9;20,6;0;12
73,6;21;19,2;12;0
73,7;22;19,4;1;0
73,8;23;21,8;1;0
73,9;22;21;0;1
74;21;21,2;0;1
74,1;17;22;0;4
74,2;23;20,2;6;0
74,3;27;19,4;4;0
74,4;13;21;0;14
74,5;17;22,4;4;0
74,6;25;22,4;8;0
74,7;30;21,4;5;0
74,8;27;18,4;0;3
74,9;8;14,6;0;19
75;2;10,75;0;6
75,1;6;5,333333333;4;0
